abrir,開ける,abro,abres,abre,abrimos,abrís,abren,abriendo,abierto,abrí,abriste,abrió,abrimos,abristeis,abrieron,abría,abrías,abría,abríamos,abríais,abrían,abriré,abrirás,abrirá,abriremos,abriréis,abrirán,abriría,abrirías,abriría,abriríamos,abriríais,abrirían,abra,abras,abra,abramos,abráis,abran,abriera,abrieras,abriera,abriéramos,abrierais,abrieran,abriere,abrieres,abriere,abriéremos,abriereis,abrieren,abre,abra,abrid,abran,
acabar,終わらせる,acabo,acabas,acaba,acabamos,acabáis,acaban,acabando,acabado,acabé,acabaste,acabó,acabamos,acabasteis,acabaron,acababa,acababas,acababa,acabábamos,acababais,acababan,acabaré,acabarás,acabará,acabaremos,acabaréis,acabarán,acabaría,acabarías,acabaría,acabaríamos,acabaríais,acabarían,acabe,acabes,acabe,acabemos,acabéis,acaben,acabara,acabaras,acabara,acabáramos,acabarais,acabaran,acabare,acabares,acabare,acabáremos,acabareis,acabaren,acaba,acabe,acabad,acaben,
acostar,寝かせる(acostarseで寝る),acuesto,acuestas,acuesta,acostamos,acostáis,acuestan,acostando,acostado,acosté,acostaste,acostó,acostamos,acostasteis,acostaron,acostaba,acostabas,acostaba,acostábamos,acostabais,acostaban,acostaré,acostarás,acostará,acostaremos,acostaréis,acostarán,acostaría,acostarías,acostaría,acostaríamos,acostaríais,acostarían,acueste,acuestes,acueste,acostemos,acostéis,acuesten,acostara,acostaras,acostara,acostáramos,acostarais,acostaran,acostare,acostares,acostare,acostáremos,acostareis,acostaren,acuesta,acueste,acostad,acuesten,
apetecer,気持ちをそそる,apetezco,apeteces,apetece,apetecemos,apetecéis,apetecen,apeteciendo,apetecido,apetecí,apeteciste,apeteció,apetecimos,apetecisteis,apetecieron,apetecía,apetecías,apetecía,apetecíamos,apetecíais,apetecían,apeteceré,apetecerás,apetecerá,apeteceremos,apeteceréis,apetecerán,apetecería,apetecerías,apetecería,apeteceríamos,apeteceríais,apetecerían,apetezca,apetezcas,apetezca,apetezcamos,apetezcáis,apetezcan,apeteciera,apetecieras,apeteciera,apeteciéramos,apetecierais,apetecieran,apeteciere,apetecieres,apeteciere,apeteciéremos,apeteciereis,apetecieren,apetece,apetezca,apeteced,apetezcan,
aprender,学ぶ,aprendo,aprendes,aprende,aprendemos,aprendéis,aprenden,aprendiendo,aprendido,aprendí,aprendiste,aprendió,aprendimos,aprendisteis,aprendieron,aprendía,aprendías,aprendía,aprendíamos,aprendíais,aprendían,aprenderé,aprenderás,aprenderá,aprenderemos,aprenderéis,aprenderán,aprendería,aprenderías,aprendería,aprenderíamos,aprenderíais,aprenderían,aprenda,aprendas,aprenda,aprendamos,aprendáis,aprendan,aprendiera,aprendieras,aprendiera,aprendiéramos,aprendierais,aprendieran,aprendiere,aprendieres,aprendiere,aprendiéremos,aprendiereis,aprendieren,aprende,aprenda,aprended,aprendan,
ayudar,助ける,ayudo,ayudas,ayuda,ayudamos,ayudáis,ayudan,ayudando,ayudado,ayudé,ayudaste,ayudó,ayudamos,ayudasteis,ayudaron,ayudaba,ayudabas,ayudaba,ayudábamos,ayudabais,ayudaban,ayudaré,ayudarás,ayudará,ayudaremos,ayudaréis,ayudarán,ayudaría,ayudarías,ayudaría,ayudaríamos,ayudaríais,ayudarían,ayude,ayudes,ayude,ayudemos,ayudéis,ayuden,ayudara,ayudaras,ayudara,ayudáramos,ayudarais,ayudaran,ayudare,ayudares,ayudare,ayudáremos,ayudareis,ayudaren,ayuda,ayude,ayudad,ayuden,
bailar,踊る,bailo,bailas,baila,bailamos,bailáis,bailan,bailando,bailado,bailé,bailaste,bailó,bailamos,bailasteis,bailaron,bailaba,bailabas,bailaba,bailábamos,bailabais,bailaban,bailaré,bailarás,bailará,bailaremos,bailaréis,bailarán,bailaría,bailarías,bailaría,bailaríamos,bailaríais,bailarían,baile,bailes,baile,bailemos,bailéis,bailen,bailara,bailaras,bailara,bailáramos,bailarais,bailaran,bailare,bailares,bailare,bailáremos,bailareis,bailaren,baila,baile,bailad,bailen,
bajar,下げる,bajo,bajas,baja,bajamos,bajáis,bajan,bajando,bajado,bajé,bajaste,bajó,bajamos,bajasteis,bajaron,bajaba,bajabas,bajaba,bajábamos,bajabais,bajaban,bajaré,bajarás,bajará,bajaremos,bajaréis,bajarán,bajaría,bajarías,bajaría,bajaríamos,bajaríais,bajarían,baje,bajes,baje,bajemos,bajéis,bajen,bajara,bajaras,bajara,bajáramos,bajarais,bajaran,bajare,bajares,bajare,bajáremos,bajareis,bajaren,baja,baje,bajad,bajen,
bastar,十分だ,basto,basto,basta,bastamos,bastáis,bastan,bastando,bastado,basté,bastaste,bastó,bastamos,bastasteis,bastaron,bastaba,bastabas,bastaba,bastábamos,bastabais,bastaban,bastaré,bastarás,bastará,bastaremos,bastaréis,bastarán,bastaría,bastarías,bastaría,bastaríamos,bastaríais,bastarían,baste,bastes,baste,bastemos,bastéis,basten,bastara,bastaras,bastara,bastáramos,bastarais,bastaran,bastare,bastares,bastare,bastáremos,bastareis,bastaren,basta,baste,bastad,basten,
beber,飲む,bebo,bebes,bebe,bebemos,bebéis,beben,bebiendo,bebido,bebí,bebiste,bebió,bebimos,bebisteis,bebieron,bebía,bebías,bebía,bebíamos,bebíais,bebían,beberé,beberás,beberá,beberemos,beberéis,beberán,bebería,beberías,bebería,beberíamos,beberíais,beberían,beba,bebas,beba,bebamos,bebáis,beban,bebiera,bebieras,bebiera,bebiéramos,bebierais,bebieran,bebiere,bebieres,bebiere,bebiéremos,bebiereis,bebieren,bebe,beba,bebed,beban,
buscar,探す,busco,buscas,busca,buscamos,buscáis,buscan,buscando,buscado,busqué,buscaste,buscó,buscamos,buscasteis,buscaron,buscaba,buscabas,buscaba,buscábamos,buscabais,buscaban,buscaré,buscarás,buscará,buscaremos,buscaréis,buscarán,buscaría,buscarías,buscaría,buscaríamos,buscaríais,buscarían,busque,busques,busque,busquemos,busquéis,busquen,buscara,buscaras,buscara,buscáramos,buscarais,buscaran,buscare,buscares,buscare,buscáremos,buscareis,buscaren,busca,busque,buscad,busquen,
caber,入る、あり得る,quepo,cabes,cabe,cabemos,cabéis,caben,cabiendo,cabido,cupe,cupiste,cupo,cupimos,cupisteis,cupieron,cabía,cabías,cabía,cabíamos,cabíais,cabían,cabré,cabrás,cabrá,cabremos,cabréis,cabrán,cabría,cabrías,cabría,cabríamos,cabríais,cabrían,quepa,quepas,quepa,quepamos,quepáis,quepan,cupiera,cupieras,cupiera,cupiéramos,cupierais,cupieran,cupiere,cupieres,cupiere,cupiéremos,cupiereis,cupieren,cabe,quepa,cabed,quepan,
caer,落ちる、〜な印象だ、転ぶ,caigo,caes,cae,caemos,caéis,caen,cayendo,caído,caí,caíste,cayó,caímos,caísteis,cayeron,caía,caías,caía,caíamos,caíais,caían,caeré,caerás,caerá,caeremos,caeréis,caerán,caería,caerías,caería,caeríamos,caeríais,caerían,caiga,caigas,caiga,caigamos,caigáis,caigan,cayera,cayeras,cayera,cayéramos,cayerais,cayeran,cayere,cayeres,cayere,cayéremos,cayereis,cayeren,cae,caiga,caed,caigan,
caminar,歩く,camino,caminas,camina,caminamos,camináis,caminan,caminando,caminado,caminé,caminaste,caminó,caminamos,caminasteis,caminaron,caminaba,caminabas,caminaba,caminábamos,caminabais,caminaban,caminaré,caminarás,caminará,caminaremos,caminaréis,caminarán,caminaría,caminarías,caminaría,caminaríamos,caminaríais,caminarían,camine,camines,camine,caminemos,caminéis,caminen,caminara,caminaras,caminara,camináramos,caminarais,caminaran,caminare,caminares,caminare,camináremos,caminareis,caminaren,camina,camine,caminad,caminen,
cantar,歌う,canto,cantas,canta,cantamos,cantáis,cantan,cantando,cantado,canté,cantaste,cantó,cantamos,cantasteis,cantaron,cantaba,cantabas,cantaba,cantábamos,cantabais,cantaban,cantaré,cantarás,cantará,cantaremos,cantaréis,cantarán,cantaría,cantarías,cantaría,cantaríamos,cantaríais,cantarían,cante,cantes,cante,cantemos,cantéis,canten,cantara,cantaras,cantara,cantáramos,cantarais,cantaran,cantare,cantares,cantare,cantáremos,cantareis,cantaren,canta,cante,cantad,canten,
cocinar,料理する,cocino,cocinas,cocina,cocinamos,cocináis,cocinan,cocinando,cocinado,cociné,cocinaste,cocinó,cocinamos,cocinasteis,cocinaron,cocinaba,cocinabas,cocinaba,cocinábamos,cocinabais,cocinaban,cocinaré,cocinarás,cocinará,cocinaremos,cocinaréis,cocinarán,cocinaría,cocinarías,cocinaría,cocinaríamos,cocinaríais,cocinarían,cocine,cocines,cocine,cocinemos,cocinéis,cocinen,cocinara,cocinaras,cocinara,cocináramos,cocinarais,cocinaran,cocinare,cocinares,cocinare,cocináremos,cocinareis,cocinaren,cocina,cocine,cocinad,cocinen,
colaborar,協力する,colaboro,colaboras,colabora,colaboramos,colaboráis,colaboran,colaborando,colaborado,colaboré,colaboraste,colaboró,colaboramos,colaborasteis,colaboraron,colaboraba,colaborabas,colaboraba,colaborábamos,colaborabais,colaboraban,colaboraré,colaborarás,colaborará,colaboraremos,colaboraréis,colaborarán,colaboraría,colaborarías,colaboraría,colaboraríamos,colaboraríais,colaborarían,colabore,colabores,colabore,colaboremos,colaboréis,colaboren,colaborara,colaboraras,colaborara,colaboráramos,colaborarais,colaboraran,colaborare,colaborares,colaborare,colaboráremos,colaborareis,colaboraren,colabora,colabore,colaborad,colaboren,
comer,食べる,como,comes,come,comemos,coméis,comen,comiendo,comido,comí,comiste,comió,comimos,comisteis,comieron,comía,comías,comía,comíamos,comíais,comían,comeré,comerás,comerá,comeremos,comeréis,comerán,comería,comerías,comería,comeríamos,comeríais,comerían,coma,comas,coma,comamos,comáis,coman,comiera,comieras,comiera,comiéramos,comierais,comieran,comiere,comieres,comiere,comiéremos,comiereis,comieren,come,coma,comed,coman,
comprar,買う,compro,compras,compra,compramos,compráis,compran,comprando,comprado,compré,compraste,compró,compramos,comprasteis,compraron,compraba,comprabas,compraba,comprábamos,comprabais,compraban,compraré,comprarás,comprará,compraremos,compraréis,comprarán,compraría,comprarías,compraría,compraríamos,compraríais,comprarían,compre,compres,compre,compremos,compréis,compren,comprara,compraras,comprara,compráramos,comprarais,compraran,comprare,comprares,comprare,compráremos,comprareis,compraren,compra,compre,comprad,compren,
comprender,理解する,comprendo,comprendes,comprende,comprendemos,comprendéis,comprenden,comprendiendo,comprendido,comprendí,comprendiste,comprendió,comprendimos,comprendisteis,comprendieron,comprendía,comprendías,comprendía,comprendíamos,comprendíais,comprendían,comprenderé,comprenderás,comprenderá,comprenderemos,comprenderéis,comprenderán,comprendería,comprenderías,comprendería,comprenderíamos,comprenderíais,comprenderían,comprenda,comprendas,comprenda,comprendamos,comprendáis,comprendan,comprendiera,comprendieras,comprendiera,comprendiéramos,comprendierais,comprendieran,comprendiere,comprendieres,comprendiere,comprendiéremos,comprendiereis,comprendieren,comprende,comprenda,comprended,comprendan,
concluir,〜と結論する,concluyo,concluyes,concluye,concluimos,concluís,concluyen,concluyendo,concluido,concluí,concluiste,concluyó,concluimos,concluisteis,concluyeron,concluía,concluías,concluía,concluíamos,concluíais,concluían,concluiré,concluirás,concluirá,concluiremos,concluiréis,concluirán,concluiría,concluirías,concluiría,concluiríamos,concluiríais,concluirían,concluya,concluyas,concluya,concluyamos,concluyáis,concluyan,concluyera,concluyeras,concluyera,concluyéramos,concluyerais,concluyeran,concluyere,concluyeres,concluyere,concluyéremos,concluyereis,concluyeren,concluye,concluya,concluid,concluyan,
conocer,知っている,conozco,conoces,conoce,conocemos,conocéis,conocen,conociendo,conocido,conocí,conociste,conoció,conocimos,conocisteis,conocieron,conocía,conocías,conocía,conocíamos,conocíais,conocían,conoceré,conocerás,conocerá,conoceremos,conoceréis,conocerán,conocería,conocerías,conocería,conoceríamos,conoceríais,conocerían,conozca,conozcas,conozca,conozcamos,conozcáis,conozcan,conociera,conocieras,conociera,conociéramos,conocierais,conocieran,conociere,conocieres,conociere,conociéremos,conociereis,conocieren,conoce,conozca,conoced,conozcan,
conseguir,得る,consigo,consigues,consigue,conseguimos,conseguís,consiguen,consiguiendo,conseguido,conseguí,conseguiste,consiguió,conseguimos,conseguisteis,consiguieron,conseguía,conseguías,conseguía,conseguíamos,conseguíais,conseguían,conseguiré,conseguirás,conseguirá,conseguiremos,conseguiréis,conseguirán,conseguiría,conseguirías,conseguiría,conseguiríamos,conseguiríais,conseguirían,consiga,consigas,consiga,consigamos,consigáis,consigan,consiguiera,consiguieras,consiguiera,consiguiéramos,consiguierais,consiguieran,consiguiere,consiguieres,consiguiere,consiguiéremos,consiguiereis,consiguieren,consigue,consiga,conseguid,consigan,
construir,建てる,construyo,construyes,construye,construimos,construís,construyen,construyendo,construido,construí,construiste,construyó,construimos,construisteis,construyeron,construía,construías,construía,construíamos,construíais,construían,construiré,construirás,construirá,construiremos,construiréis,construirán,construiría,construirías,construiría,construiríamos,construiríais,construirían,construya,construyas,construya,construyamos,construyáis,construyan,construyera,construyeras,construyera,construyéramos,construyerais,construyeran,construyere,construyeres,construyere,construyéremos,construyereis,construyeren,construye,construya,construid,construyan,
contar,数える、みなす、語る,cuento,cuentas,cuenta,contamos,contáis,cuentan,contando,contado,conté,contaste,contó,contamos,contasteis,contaron,contaba,contabas,contaba,contábamos,contabais,contaban,contaré,contarás,contará,contaremos,contaréis,contarán,contaría,contarías,contaría,contaríamos,contaríais,contarían,cuente,cuentes,cuente,contemos,contéis,cuenten,contara,contaras,contara,contáramos,contarais,contaran,contare,contares,contare,contáremos,contareis,contaren,cuenta,cuente,contad,cuenten,
creer,信じる,creo,crees,cree,creemos,creéis,creen,creyendo,creído,creí,creíste,creyó,creímos,creísteis,creyeron,creía,creías,creía,creíamos,creíais,creían,creeré,creerás,creerá,creeremos,creeréis,creerán,creería,creerías,creería,creeríamos,creeríais,creerían,crea,creas,crea,creamos,creáis,crean,creyera,creyeras,creyera,creyéramos,creyerais,creyeran,creyere,creyeres,creyere,creyéremos,creyereis,creyeren,cree,crea,creed,crean,
cubrir,包む,cubro,cubres,cubre,cubrimos,cubrís,cubren,cubriendo,cubierto,cubrí,cubriste,cubrió,cubrimos,cubristeis,cubrieron,cubría,cubrías,cubría,cubríamos,cubríais,cubrían,cubriré,cubrirás,cubrirá,cubriremos,cubriréis,cubrirán,cubriría,cubrirías,cubriría,cubriríamos,cubriríais,cubrirían,cubra,cubras,cubra,cubramos,cubráis,cubran,cubriera,cubrieras,cubriera,cubriéramos,cubrierais,cubrieran,cubriere,cubrieres,cubriere,cubriéremos,cubriereis,cubrieren,cubre,cubra,cubrid,cubran,
dar,与える,doy,das,da,damos,dais,dan,dando,dado,di,diste,dio,dimos,disteis,dieron,daba,dabas,daba,dábamos,dabais,daban,daré,darás,dará,daremos,daréis,darán,daría,darías,daría,daríamos,daríais,darían,dé,des,dé,demos,deis,den,diera,dieras,diera,diéramos,dierais,dieran,diere,dieres,diere,diéremos,diereis,dieren,da,dé,dad,den,
deber,しなければならない,debo,debes,debe,debemos,debéis,deben,debiendo,debido,debí,debiste,debió,debimos,debisteis,debieron,debía,debías,debía,debíamos,debíais,debían,deberé,deberás,deberá,deberemos,deberéis,deberán,debería,deberías,debería,deberíamos,deberíais,deberían,deba,debas,deba,debamos,debáis,deban,debiera,debieras,debiera,debiéramos,debierais,debieran,debiere,debieres,debiere,debiéremos,debiereis,debieren,debe,deba,debed,deban,
decir,言う,digo,dices,dice,decimos,decís,dicen,diciendo,dicho,dije,dijiste,dijo,dijimos,dijisteis,dijeron,decía,decías,decía,decíamos,decíais,decían,diré,dirás,dirá,diremos,diréis,dirán,diría,dirías,diría,diríamos,diríais,dirían,diga,digas,diga,digamos,digáis,digan,dijera,dijeras,dijera,dijéramos,dijerais,dijeran,dijere,dijeres,dijere,dijéremos,dijereis,dijeren,di,diga,decid,digan,
dejar,置いておく,dejo,dejas,deja,dejamos,dejáis,dejan,dejando,dejado,dejé,dejaste,dejó,dejamos,dejasteis,dejaron,dejaba,dejabas,dejaba,dejábamos,dejabais,dejaban,dejaré,dejarás,dejará,dejaremos,dejaréis,dejarán,dejaría,dejarías,dejaría,dejaríamos,dejaríais,dejarían,deje,dejes,deje,dejemos,dejéis,dejen,dejara,dejaras,dejara,dejáramos,dejarais,dejaran,dejare,dejares,dejare,dejáremos,dejareis,dejaren,deja,deje,dejad,dejen,
descansar,休む,descanso,descansas,descansa,descansamos,descansáis,descansan,descansando,descansado,descansé,descansaste,descansó,descansamos,descansasteis,descansaron,descansaba,descansabas,descansaba,descansábamos,descansabais,descansaban,descansaré,descansarás,descansará,descansaremos,descansaréis,descansarán,descansaría,descansarías,descansaría,descansaríamos,descansaríais,descansarían,descanse,descanses,descanse,descansemos,descanséis,descansen,descansara,descansaras,descansara,descansáramos,descansarais,descansaran,descansare,descansares,descansare,descansáremos,descansareis,descansaren,descansa,descanse,descansad,descansen,
descubrir,発見する,descubro,descubres,descubre,descubrimos,descubrís,descubren,descubriendo,descubierto,descubrí,descubriste,descubrió,descubrimos,descubristeis,descubrieron,descubría,descubrías,descubría,descubríamos,descubríais,descubrían,descubriré,descubrirás,descubrirá,descubriremos,descubriréis,descubrirán,descubriría,descubrirías,descubriría,descubriríamos,descubriríais,descubrirían,descubra,descubras,descubra,descubramos,descubráis,descubran,descubriera,descubrieras,descubriera,descubriéramos,descubrierais,descubrieran,descubriere,descubrieres,descubriere,descubriéremos,descubriereis,descubrieren,descubre,descubra,descubrid,descubran,
discutir,議論、口論する,discuto,discutes,discute,discutimos,discutís,discuten,discutiendo,discutido,discutí,discutiste,discutió,discutimos,discutisteis,discutieron,discutía,discutías,discutía,discutíamos,discutíais,discutían,discutiré,discutirás,discutirá,discutiremos,discutiréis,discutirán,discutiría,discutirías,discutiría,discutiríamos,discutiríais,discutirían,discuta,discutas,discuta,discutamos,discutáis,discutan,discutiera,discutieras,discutiera,discutiéramos,discutierais,discutieran,discutiere,discutieres,discutiere,discutiéremos,discutiereis,discutieren,discute,discuta,discutid,discutan,
dormir,眠る,duermo,duermes,duerme,dormimos,dormís,duermen,durmiendo,dormido,dormí,dormiste,durmió,dormimos,dormisteis,durmieron,dormía,dormías,dormía,dormíamos,dormíais,dormían,dormiré,dormirás,dormirá,dormiremos,dormiréis,dormirán,dormiría,dormirías,dormiría,dormiríamos,dormiríais,dormirían,duerma,duermas,duerma,durmamos,durmáis,duerman,durmiera,durmieras,durmiera,durmiéramos,durmierais,durmieran,durmiere,durmieres,durmiere,durmiéremos,durmiereis,durmieren,duerme,duerma,dormid,duerman,
empezar,始まる,empiezo,empiezas,empieza,empezamos,empezáis,empiezan,empezando,empezado,empecé,empezaste,empezó,empezamos,empezasteis,empezaron,empezaba,empezabas,empezaba,empezábamos,empezabais,empezaban,empezaré,empezarás,empezará,empezaremos,empezaréis,empezarán,empezaría,empezarías,empezaría,empezaríamos,empezaríais,empezarían,empiece,empieces,empiece,empecemos,empecéis,empiecen,empezara,empezaras,empezara,empezáramos,empezarais,empezaran,empezare,empezares,empezare,empezáremos,empezareis,empezaren,empieza,empiece,empezad,empiecen,
encontrar,見つける、出会う,encuentro,encuentras,encuentra,encontramos,encontráis,encuentran,encontrando,encontrado,encontré,encontraste,encontró,encontramos,encontrasteis,encontraron,encontraba,encontrabas,encontraba,encontrábamos,encontrabais,encontraban,encontraré,encontrarás,encontrará,encontraremos,encontraréis,encontrarán,encontraría,encontrarías,encontraría,encontraríamos,encontraríais,encontrarían,encuentre,encuentres,encuentre,encontremos,encontréis,encuentren,encontrara,encontraras,encontrara,encontráramos,encontrarais,encontraran,encontrare,encontrares,encontrare,encontráremos,encontrareis,encontraren,encuentra,encuentre,encontrad,encuentren,
entregar,あげる、贈る,entrego,entregas,entrega,entregamos,entregáis,entregan,entregando,entregado,entregué,entregaste,entregó,entregamos,entregasteis,entregaron,entregaba,entregabas,entregaba,entregábamos,entregabais,entregaban,entregaré,entregarás,entregará,entregaremos,entregaréis,entregarán,entregaría,entregarías,entregaría,entregaríamos,entregaríais,entregarían,entregue,entregues,entregue,entreguemos,entreguéis,entreguen,entregara,entregaras,entregara,entregáramos,entregarais,entregaran,entregare,entregares,entregare,entregáremos,entregareis,entregaren,entrega,entregue,entregad,entreguen,
equivocar,(人を)間違えさせる,equivoco,equivocas,equivoca,equivocamos,equivocáis,equivocan,equivocando,equivocado,equivoqué,equivocaste,equivocó,equivocamos,equivocasteis,equivocaron,equivocaba,equivocabas,equivocaba,equivocábamos,equivocabais,equivocaban,equivocaré,equivocarás,equivocará,equivocaremos,equivocaréis,equivocarán,equivocaría,equivocarías,equivocaría,equivocaríamos,equivocaríais,equivocarían,equivoque,equivoques,equivoque,equivoquemos,equivoquéis,equivoquen,equivocara,equivocaras,equivocara,equivocáramos,equivocarais,equivocaran,equivocare,equivocares,equivocare,equivocáremos,equivocareis,equivocaren,equivoca,equivoque,equivocad,equivoquen,
escribir,書く,escribo,escribes,escribe,escribimos,escribís,escriben,escribiendo,escrito,escribí,escribiste,escribió,escribimos,escribisteis,escribieron,escribía,escribías,escribía,escribíamos,escribíais,escribían,escribiré,escribirás,escribirá,escribiremos,escribiréis,escribirán,escribiría,escribirías,escribiría,escribiríamos,escribiríais,escribirían,escriba,escribas,escriba,escribamos,escribáis,escriban,escribiera,escribieras,escribiera,escribiéramos,escribierais,escribieran,escribiere,escribieres,escribiere,escribiéremos,escribiereis,escribieren,escribe,escriba,escribid,escriban,
escuchar,聞く,escucho,escuchas,escucha,escuchamos,escucháis,escuchan,escuchando,escuchado,escuché,escuchaste,escuchó,escuchamos,escuchasteis,escucharon,escuchaba,escuchabas,escuchaba,escuchábamos,escuchabais,escuchaban,escucharé,escucharás,escuchará,escucharemos,escucharéis,escucharán,escucharía,escucharías,escucharía,escucharíamos,escucharíais,escucharían,escuche,escuches,escuche,escuchemos,escuchéis,escuchen,escuchara,escucharas,escuchara,escucháramos,escucharais,escucharan,escuchare,escuchares,escuchare,escucháremos,escuchareis,escucharen,escucha,escuche,escuchad,escuchen,
esperar,待つ,espero,esperas,espera,esperamos,esperáis,esperan,esperando,esperado,esperé,esperaste,esperó,esperamos,esperasteis,esperaron,esperaba,esperabas,esperaba,esperábamos,esperabais,esperaban,esperaré,esperarás,esperará,esperaremos,esperaréis,esperarán,esperaría,esperarías,esperaría,esperaríamos,esperaríais,esperarían,espere,esperes,espere,esperemos,esperéis,esperen,esperara,esperaras,esperara,esperáramos,esperarais,esperaran,esperare,esperares,esperare,esperáremos,esperareis,esperaren,espera,espere,esperad,esperen,
estar,一時的状態を述べるとき,estoy,estás,está,estamos,estáis,están,estando,estado,estuve,estuviste,estuvo,estuvimos,estuvisteis,estuvieron,estaba,estabas,estaba,estábamos,estabais,estaban,estaré,estarás,estará,estaremos,estaréis,estarán,estaría,estarías,estaría,estaríamos,estaríais,estarían,esté,estés,esté,estemos,estéis,estén,estuviera,estuvieras,estuviera,estuviéramos,estuvierais,estuvieran,estuviere,estuvieres,estuviere,estuviéremos,estuviereis,estuvieren,está,esté,estad,estén,
explicar,説明する,explico,explicas,explica,explicamos,explicáis,explican,explicando,explicado,expliqué,explicaste,explicó,explicamos,explicasteis,explicaron,explicaba,explicabas,explicaba,explicábamos,explicabais,explicaban,explicaré,explicarás,explicará,explicaremos,explicaréis,explicarán,explicaría,explicarías,explicaría,explicaríamos,explicaríais,explicarían,explique,expliques,explique,expliquemos,expliquéis,expliquen,explicara,explicaras,explicara,explicáramos,explicarais,explicaran,explicare,explicares,explicare,explicáremos,explicareis,explicaren,explica,explique,explicad,expliquen,
gustar,好まれる,gusto,gustas,gusta,gustamos,gustáis,gustan,gustando,gustado,gusté,gustaste,gustó,gustamos,gustasteis,gustaron,gustaba,gustabas,gustaba,gustábamos,gustabais,gustaban,gustaré,gustarás,gustará,gustaremos,gustaréis,gustarán,gustaría,gustarías,gustaría,gustaríamos,gustaríais,gustarían,guste,gustes,guste,gustemos,gustéis,gusten,gustara,gustaras,gustara,gustáramos,gustarais,gustaran,gustare,gustares,gustare,gustáremos,gustareis,gustaren,gusta,guste,gustad,gusten,
haber,（完了時制）、―がある,he,has,ha,hemos,habéis,han,habiendo,habido,hube,hubiste,hubo,hubimos,hubisteis,hubieron,había,habías,había,habíamos,habíais,habían,habré,habrás,habrá,habremos,habréis,habrán,habría,habrías,habría,habríamos,habríais,habrían,haya,hayas,haya,hayamos,hayáis,hayan,hubiera,hubieras,hubiera,hubiéramos,hubierais,hubieran,hubiere,hubieres,hubiere,hubiéremos,hubiereis,hubieren,he,haya,habed,hayan,
hablar,話す,hablo,hablas,habla,hablamos,habláis,hablan,hablando,hablado,hablé,hablaste,habló,hablamos,hablasteis,hablaron,hablaba,hablabas,hablaba,hablábamos,hablabais,hablaban,hablaré,hablarás,hablará,hablaremos,hablaréis,hablarán,hablaría,hablarías,hablaría,hablaríamos,hablaríais,hablarían,hable,hables,hable,hablemos,habléis,hablen,hablara,hablaras,hablara,habláramos,hablarais,hablaran,hablare,hablares,hablare,habláremos,hablareis,hablaren,habla,hable,hablad,hablen,
hacer,する、行う、作る、(天候が)〜だ,hago,haces,hace,hacemos,hacéis,hacen,haciendo,hecho,hice,hiciste,hizo,hicimos,hicisteis,hicieron,hacía,hacías,hacía,hacíamos,hacíais,hacían,haré,harás,hará,haremos,haréis,harán,haría,harías,haría,haríamos,haríais,harían,haga,hagas,haga,hagamos,hagáis,hagan,hiciera,hicieras,hiciera,hiciéramos,hicierais,hicieran,hiciere,hicieres,hiciere,hiciéremos,hiciereis,hicieren,haz,haga,haced,hagan,
importar,重要とされる,importo,importas,importa,importamos,importáis,importan,importando,importado,importé,importaste,importó,importamos,importasteis,importaron,importaba,importabas,importaba,importábamos,importabais,importaban,importaré,importarás,importará,importaremos,importaréis,importarán,importaría,importarías,importaría,importaríamos,importaríais,importarían,importe,importes,importe,importemos,importéis,importen,importara,importaras,importara,importáramos,importarais,importaran,importare,importares,importare,importáremos,importareis,importaren,importa,importe,importad,importen,
interesar,興味を引く,intereso,interesas,interesa,interesamos,interesáis,interesan,interesando,interesado,interesé,interesaste,interesó,interesamos,interesasteis,interesaron,interesaba,interesabas,interesaba,interesábamos,interesabais,interesaban,interesaré,interesarás,interesará,interesaremos,interesaréis,interesarán,interesaría,interesarías,interesaría,interesaríamos,interesaríais,interesarían,interese,intereses,interese,interesemos,intereséis,interesen,interesara,interesaras,interesara,interesáramos,interesarais,interesaran,interesare,interesares,interesare,interesáremos,interesareis,interesaren,interesa,interese,interesad,interesen,
invitar,招待する,invito,invitas,invita,invitamos,invitáis,invitan,invitando,invitado,invité,invitaste,invitó,invitamos,invitasteis,invitaron,invitaba,invitabas,invitaba,invitábamos,invitabais,invitaban,invitaré,invitarás,invitará,invitaremos,invitaréis,invitarán,invitaría,invitarías,invitaría,invitaríamos,invitaríais,invitarían,invite,invites,invite,invitemos,invitéis,inviten,invitara,invitaras,invitara,invitáramos,invitarais,invitaran,invitare,invitares,invitare,invitáremos,invitareis,invitaren,invita,invite,invitad,inviten,
ir,行く、〜するつもりだ,voy,vas,va,vamos,vais,van,yendo,ido,fui,fuiste,fue,fuimos,fuisteis,fueron,iba,ibas,iba,íbamos,ibais,iban,iré,irás,irá,iremos,iréis,irán,iría,irías,iría,iríamos,iríais,irían,vaya,vayas,vaya,vayamos,vayáis,vayan,fuera,fueras,fuera,fuéramos,fuerais,fueran,fuere,fueres,fuere,fuéremos,fuereis,fueren,ve,vaya,id,vayan,
jugar,遊ぶ、プレーする,juego,juegas,juega,jugamos,jugáis,juegan,jugando,jugado,jugué,jugaste,jugó,jugamos,jugasteis,jugaron,jugaba,jugabas,jugaba,jugábamos,jugabais,jugaban,jugaré,jugarás,jugará,jugaremos,jugaréis,jugarán,jugaría,jugarías,jugaría,jugaríamos,jugaríais,jugarían,juegue,juegues,juegue,juguemos,juguéis,jueguen,jugara,jugaras,jugara,jugáramos,jugarais,jugaran,jugare,jugares,jugare,jugáremos,jugareis,jugaren,juega,juegue,jugad,jueguen,
leer,読む,leo,lees,lee,leemos,leéis,leen,leyendo,leído,leí,leíste,leyó,leímos,leísteis,leyeron,leía,leías,leía,leíamos,leíais,leían,leeré,leerás,leerá,leeremos,leeréis,leerán,leería,leerías,leería,leeríamos,leeríais,leerían,lea,leas,lea,leamos,leáis,lean,leyera,leyeras,leyera,leyéramos,leyerais,leyeran,leyere,leyeres,leyere,leyéremos,leyereis,leyeren,lee,lea,leed,lean,
levantar,起こす,levanto,levantas,levanta,levantamos,levantáis,levantan,levantando,levantado,levanté,levantaste,levantó,levantamos,levantasteis,levantaron,levantaba,levantabas,levantaba,levantábamos,levantabais,levantaban,levantaré,levantarás,levantará,levantaremos,levantaréis,levantarán,levantaría,levantarías,levantaría,levantaríamos,levantaríais,levantarían,levante,levantes,levante,levantemos,levantéis,levanten,levantara,levantaras,levantara,levantáramos,levantarais,levantaran,levantare,levantares,levantare,levantáremos,levantareis,levantaren,levanta,levante,levantad,levanten,
llamar,呼ぶ,llamo,llamas,llama,llamamos,llamáis,llaman,llamando,llamado,llamé,llamaste,llamó,llamamos,llamasteis,llamaron,llamaba,llamabas,llamaba,llamábamos,llamabais,llamaban,llamaré,llamarás,llamará,llamaremos,llamaréis,llamarán,llamaría,llamarías,llamaría,llamaríamos,llamaríais,llamarían,llame,llames,llame,llamemos,llaméis,llamen,llamara,llamaras,llamara,llamáramos,llamarais,llamaran,llamare,llamares,llamare,llamáremos,llamareis,llamaren,llama,llame,llamad,llamen,
llegar,着く,llego,llegas,llega,llegamos,llegáis,llegan,llegando,llegado,llegué,llegaste,llegó,llegamos,llegasteis,llegaron,llegaba,llegabas,llegaba,llegábamos,llegabais,llegaban,llegaré,llegarás,llegará,llegaremos,llegaréis,llegarán,llegaría,llegarías,llegaría,llegaríamos,llegaríais,llegarían,llegue,llegues,llegue,lleguemos,lleguéis,lleguen,llegara,llegaras,llegara,llegáramos,llegarais,llegaran,llegare,llegares,llegare,llegáremos,llegareis,llegaren,llega,llegue,llegad,lleguen,
llevar,持っていく、含む,llevo,llevas,lleva,llevamos,lleváis,llevan,llevando,llevado,llevé,llevaste,llevó,llevamos,llevasteis,llevaron,llevaba,llevabas,llevaba,llevábamos,llevabais,llevaban,llevaré,llevarás,llevará,llevaremos,llevaréis,llevarán,llevaría,llevarías,llevaría,llevaríamos,llevaríais,llevarían,lleve,lleves,lleve,llevemos,llevéis,lleven,llevara,llevaras,llevara,lleváramos,llevarais,llevaran,llevare,llevares,llevare,lleváremos,llevareis,llevaren,lleva,lleve,llevad,lleven,
llover,雨が降る,lluevo,llueves,llueve,llovemos,llovéis,llueven,lloviendo,llovido,lloví,lloviste,llovió,llovimos,llovisteis,llovieron,llovía,llovías,llovía,llovíamos,llovíais,llovían,lloveré,lloverás,lloverá,lloveremos,lloveréis,lloverán,llovería,lloverías,llovería,lloveríamos,lloveríais,lloverían,llueva,lluevas,llueva,llovamos,llováis,lluevan,lloviera,llovieras,lloviera,lloviéramos,llovierais,llovieran,lloviere,llovieres,lloviere,lloviéremos,lloviereis,llovieren,llueve,llueva,lloved,lluevan,
mandar,送る,mando,mandas,manda,mandamos,mandáis,mandan,mandando,mandado,mandé,mandaste,mandó,mandamos,mandasteis,mandaron,mandaba,mandabas,mandaba,mandábamos,mandabais,mandaban,mandaré,mandarás,mandará,mandaremos,mandaréis,mandarán,mandaría,mandarías,mandaría,mandaríamos,mandaríais,mandarían,mande,mandes,mande,mandemos,mandéis,manden,mandara,mandaras,mandara,mandáramos,mandarais,mandaran,mandare,mandares,mandare,mandáremos,mandareis,mandaren,manda,mande,mandad,manden,
mirar,注意してみる,miro,miras,mira,miramos,miráis,miran,mirando,mirado,miré,miraste,miró,miramos,mirasteis,miraron,miraba,mirabas,miraba,mirábamos,mirabais,miraban,miraré,mirarás,mirará,miraremos,miraréis,mirarán,miraría,mirarías,miraría,miraríamos,miraríais,mirarían,mire,mires,mire,miremos,miréis,miren,mirara,miraras,mirara,miráramos,mirarais,miraran,mirare,mirares,mirare,miráremos,mirareis,miraren,mira,mire,mirad,miren,
morir,死ぬ,muero,mueres,muere,morimos,morís,mueren,muriendo,muerto,morí,moriste,murió,morimos,moristeis,murieron,moría,morías,moría,moríamos,moríais,morían,moriré,morirás,morirá,moriremos,moriréis,morirán,moriría,morirías,moriría,moriríamos,moriríais,morirían,muera,mueras,muera,muramos,muráis,mueran,muriera,murieras,muriera,muriéramos,murierais,murieran,muriere,murieres,muriere,muriéremos,muriereis,murieren,muere,muera,morid,mueran,
oír,聞く、聞こえる,oigo,oyes,oye,oímos,oís,oyen,oyendo,oído,oí,oíste,oyó,oímos,oísteis,oyeron,oía,oías,oía,oíamos,oíais,oían,oiré,oirás,oirá,oiremos,oiréis,oirán,oiría,oirías,oiría,oiríamos,oiríais,oirían,oiga,oigas,oiga,oigamos,oigáis,oigan,oyera,oyeras,oyera,oyéramos,oyerais,oyeran,oyere,oyeres,oyere,oyéremos,oyereis,oyeren,oye,oiga,oíd,oigan,
olvidar,忘れる,olvido,olvidas,olvida,olvidamos,olvidáis,olvidan,olvidando,olvidado,olvidé,olvidaste,olvidó,olvidamos,olvidasteis,olvidaron,olvidaba,olvidabas,olvidaba,olvidábamos,olvidabais,olvidaban,olvidaré,olvidarás,olvidará,olvidaremos,olvidaréis,olvidarán,olvidaría,olvidarías,olvidaría,olvidaríamos,olvidaríais,olvidarían,olvide,olvides,olvide,olvidemos,olvidéis,olviden,olvidara,olvidaras,olvidara,olvidáramos,olvidarais,olvidaran,olvidare,olvidares,olvidare,olvidáremos,olvidareis,olvidaren,olvida,olvide,olvidad,olviden,
parecer,〜ように見える、〜らしい,parezco,pareces,parece,parecemos,parecéis,parecen,pareciendo,parecido,parecí,pareciste,pareció,parecimos,parecisteis,parecieron,parecía,parecías,parecía,parecíamos,parecíais,parecían,pareceré,parecerás,parecerá,pareceremos,pareceréis,parecerán,parecería,parecerías,parecería,pareceríamos,pareceríais,parecerían,parezca,parezcas,parezca,parezcamos,parezcáis,parezcan,pareciera,parecieras,pareciera,pareciéramos,parecierais,parecieran,pareciere,parecieres,pareciere,pareciéremos,pareciereis,parecieren,parece,parezca,pareced,parezcan,
partir,出発する,parto,partes,parte,partimos,partís,parten,partiendo,partido,partí,partiste,partió,partimos,partisteis,partieron,partía,partías,partía,partíamos,partíais,partían,partiré,partirás,partirá,partiremos,partiréis,partirán,partiría,partirías,partiría,partiríamos,partiríais,partirían,parta,partas,parta,partamos,partáis,partan,partiera,partieras,partiera,partiéramos,partierais,partieran,partiere,partieres,partiere,partiéremos,partiereis,partieren,parte,parta,partid,partan,
pasar,起こる、過ごす,paso,pasas,pasa,pasamos,pasáis,pasan,pasando,pasado,pasé,pasaste,pasó,pasamos,pasasteis,pasaron,pasaba,pasabas,pasaba,pasábamos,pasabais,pasaban,pasaré,pasarás,pasará,pasaremos,pasaréis,pasarán,pasaría,pasarías,pasaría,pasaríamos,pasaríais,pasarían,pase,pases,pase,pasemos,paséis,pasen,pasara,pasaras,pasara,pasáramos,pasarais,pasaran,pasare,pasares,pasare,pasáremos,pasareis,pasaren,pasa,pase,pasad,pasen,
pedir,頼む、注文する、求める,pido,pides,pide,pedimos,pedís,piden,pidiendo,pedido,pedí,pediste,pidió,pedimos,pedisteis,pidieron,pedía,pedías,pedía,pedíamos,pedíais,pedían,pediré,pedirás,pedirá,pediremos,pediréis,pedirán,pediría,pedirías,pediría,pediríamos,pediríais,pedirían,pida,pidas,pida,pidamos,pidáis,pidan,pidiera,pidieras,pidiera,pidiéramos,pidierais,pidieran,pidiere,pidieres,pidiere,pidiéremos,pidiereis,pidieren,pide,pida,pedid,pidan,
pensar,考える、思う,pienso,piensas,piensa,pensamos,pensáis,piensan,pensando,pensado,pensé,pensaste,pensó,pensamos,pensasteis,pensaron,pensaba,pensabas,pensaba,pensábamos,pensabais,pensaban,pensaré,pensarás,pensará,pensaremos,pensaréis,pensarán,pensaría,pensarías,pensaría,pensaríamos,pensaríais,pensarían,piense,pienses,piense,pensemos,penséis,piensen,pensara,pensaras,pensara,pensáramos,pensarais,pensaran,pensare,pensares,pensare,pensáremos,pensareis,pensaren,piensa,piense,pensad,piensen,
pesar,計測する,peso,pesas,pesa,pesamos,pesáis,pesan,pesando,pesado,pesé,pesaste,pesó,pesamos,pesasteis,pesaron,pesaba,pesabas,pesaba,pesábamos,pesabais,pesaban,pesaré,pesarás,pesará,pesaremos,pesaréis,pesarán,pesaría,pesarías,pesaría,pesaríamos,pesaríais,pesarían,pese,peses,pese,pesemos,peséis,pesen,pesara,pesaras,pesara,pesáramos,pesarais,pesaran,pesare,pesares,pesare,pesáremos,pesareis,pesaren,pesa,pese,pesad,pesen,
poder,〜ができる,puedo,puedes,puede,podemos,podéis,pueden,pudiendo,podido,pude,pudiste,pudo,pudimos,pudisteis,pudieron,podía,podías,podía,podíamos,podíais,podían,podré,podrás,podrá,podremos,podréis,podrán,podría,podrías,podría,podríamos,podríais,podrían,pueda,puedas,pueda,podamos,podáis,puedan,pudiera,pudieras,pudiera,pudiéramos,pudierais,pudieran,pudiere,pudieres,pudiere,pudiéremos,pudiereis,pudieren,puede,pueda,poded,puedan,
poner,置く、〜にする、動かす,pongo,pones,pone,ponemos,ponéis,ponen,poniendo,puesto,puse,pusiste,puso,pusimos,pusisteis,pusieron,ponía,ponías,ponía,poníamos,poníais,ponían,pondré,pondrás,pondrá,pondremos,pondréis,pondrán,pondría,pondrías,pondría,pondríamos,pondríais,pondrían,ponga,pongas,ponga,pongamos,pongáis,pongan,pusiera,pusieras,pusiera,pusiéramos,pusierais,pusieran,pusiere,pusieres,pusiere,pusiéremos,pusiereis,pusieren,pon,ponga,poned,pongan,
preocupar,心配する,preocupo,preocupas,preocupa,preocupamos,preocupáis,preocupan,preocupando,preocupado,preocupé,preocupaste,preocupó,preocupamos,preocupasteis,preocuparon,preocupaba,preocupabas,preocupaba,preocupábamos,preocupabais,preocupaban,preocuparé,preocuparás,preocupará,preocuparemos,preocuparéis,preocuparán,preocuparía,preocuparías,preocuparía,preocuparíamos,preocuparíais,preocuparían,preocupe,preocupes,preocupe,preocupemos,preocupéis,preocupen,preocupara,preocuparas,preocupara,preocupáramos,preocuparais,preocuparan,preocupare,preocupares,preocupare,preocupáremos,preocupareis,preocuparen,preocupa,preocupe,preocupad,preocupen,
preparar,準備する,preparo,preparas,prepara,preparamos,preparáis,preparan,preparando,preparado,preparé,preparaste,preparó,preparamos,preparasteis,prepararon,preparaba,preparabas,preparaba,preparábamos,preparabais,preparaban,prepararé,prepararás,preparará,prepararemos,prepararéis,prepararán,prepararía,prepararías,prepararía,prepararíamos,prepararíais,prepararían,prepare,prepares,prepare,preparemos,preparéis,preparen,preparara,prepararas,preparara,preparáramos,prepararais,prepararan,preparare,preparares,preparare,preparáremos,preparareis,prepararen,prepara,prepare,preparad,preparen,
producir,生産する、もたらす,produzco,produces,produce,producimos,producís,producen,produciendo,producido,produje,produjiste,produjo,produjimos,produjisteis,produjeron,producía,producías,producía,producíamos,producíais,producían,produciré,producirás,producirá,produciremos,produciréis,producirán,produciría,producirías,produciría,produciríamos,produciríais,producirían,produzca,produzcas,produzca,produzcamos,produzcáis,produzcan,produjera,produjeras,produjera,produjéramos,produjerais,produjeran,produjere,produjeres,produjere,produjéremos,produjereis,produjeren,produce,produzca,producid,produzcan,
quedar,残る,quedo,quedas,queda,quedamos,quedáis,quedan,quedando,quedado,quedé,quedaste,quedó,quedamos,quedasteis,quedaron,quedaba,quedabas,quedaba,quedábamos,quedabais,quedaban,quedaré,quedarás,quedará,quedaremos,quedaréis,quedarán,quedaría,quedarías,quedaría,quedaríamos,quedaríais,quedarían,quede,quedes,quede,quedemos,quedéis,queden,quedara,quedaras,quedara,quedáramos,quedarais,quedaran,quedare,quedares,quedare,quedáremos,quedareis,quedaren,queda,quede,quedad,queden,
querer,欲する、〜したい,quiero,quieres,quiere,queremos,queréis,quieren,queriendo,querido,quise,quisiste,quiso,quisimos,quisisteis,quisieron,quería,querías,quería,queríamos,queríais,querían,querré,querrás,querrá,querremos,querréis,querrán,querría,querrías,querría,querríamos,querríais,querrían,quiera,quieras,quiera,queramos,queráis,quieran,quisiera,quisieras,quisiera,quisiéramos,quisierais,quisieran,quisiere,quisieres,quisiere,quisiéremos,quisiereis,quisieren,quiere,quiera,quered,quieran,
recibir,受け取る,recibo,recibes,recibe,recibimos,recibís,reciben,recibiendo,recibido,recibí,recibiste,recibió,recibimos,recibisteis,recibieron,recibía,recibías,recibía,recibíamos,recibíais,recibían,recibiré,recibirás,recibirá,recibiremos,recibiréis,recibirán,recibiría,recibirías,recibiría,recibiríamos,recibiríais,recibirían,reciba,recibas,reciba,recibamos,recibáis,reciban,recibiera,recibieras,recibiera,recibiéramos,recibierais,recibieran,recibiere,recibieres,recibiere,recibiéremos,recibiereis,recibieren,recibe,reciba,recibid,reciban,
recomendar,推薦、推奨する,recomiendo,recomiendas,recomienda,recomendamos,recomendáis,recomiendan,recomendando,recomendado,recomendé,recomendaste,recomendó,recomendamos,recomendasteis,recomendaron,recomendaba,recomendabas,recomendaba,recomendábamos,recomendabais,recomendaban,recomendaré,recomendarás,recomendará,recomendaremos,recomendaréis,recomendarán,recomendaría,recomendarías,recomendaría,recomendaríamos,recomendaríais,recomendarían,recomiende,recomiendes,recomiende,recomendemos,recomendéis,recomienden,recomendara,recomendaras,recomendara,recomendáramos,recomendarais,recomendaran,recomendare,recomendares,recomendare,recomendáremos,recomendareis,recomendaren,recomienda,recomiende,recomendad,recomienden,
recorrer,巡る,recorro,recorres,recorre,recorremos,recorréis,recorren,recorriendo,recorrido,recorrí,recorriste,recorrió,recorrimos,recorristeis,recorrieron,recorría,recorrías,recorría,recorríamos,recorríais,recorrían,recorreré,recorrerás,recorrerá,recorreremos,recorreréis,recorrerán,recorrería,recorrerías,recorrería,recorreríamos,recorreríais,recorrerían,recorra,recorras,recorra,recorramos,recorráis,recorran,recorriera,recorrieras,recorriera,recorriéramos,recorrierais,recorrieran,recorriere,recorrieres,recorriere,recorriéremos,recorriereis,recorrieren,recorre,recorra,recorred,recorran,
regalar,あげる、贈る,regalo,regalas,regala,regalamos,regaláis,regalan,regalando,regalado,regalé,regalaste,regaló,regalamos,regalasteis,regalaron,regalaba,regalabas,regalaba,regalábamos,regalabais,regalaban,regalaré,regalarás,regalará,regalaremos,regalaréis,regalarán,regalaría,regalarías,regalaría,regalaríamos,regalaríais,regalarían,regale,regales,regale,regalemos,regaléis,regalen,regalara,regalaras,regalara,regaláramos,regalarais,regalaran,regalare,regalares,regalare,regaláremos,regalareis,regalaren,regala,regale,regalad,regalen,
reír,笑う,río,ríes,ríe,reímos,reís,ríen,riendo,reído,reí,reíste,rio,reímos,reísteis,rieron,reía,reías,reía,reíamos,reíais,reían,reiré,reirás,reirá,reiremos,reiréis,reirán,reiría,reirías,reiría,reiríamos,reiríais,reirían,ría,rías,ría,riamos,riais,rían,riera,rieras,riera,riéramos,rierais,rieran,riere,rieres,riere,riéremos,riereis,rieren,ríe,ría,reíd,rían,
repetir,繰り返す,repito,repites,repite,repetimos,repetís,repiten,repitiendo,repetido,repetí,repetiste,repitió,repetimos,repetisteis,repitieron,repetía,repetías,repetía,repetíamos,repetíais,repetían,repetiré,repetirás,repetirá,repetiremos,repetiréis,repetirán,repetiría,repetirías,repetiría,repetiríamos,repetiríais,repetirían,repita,repitas,repita,repitamos,repitáis,repitan,repitiera,repitieras,repitiera,repitiéramos,repitierais,repitieran,repitiere,repitieres,repitiere,repitiéremos,repitiereis,repitieren,repite,repita,repetid,repitan,
resolver,解決する,resuelvo,resuelves,resuelve,resolvemos,resolvéis,resuelven,resolviendo,resuelto,resolví,resolviste,resolvió,resolvimos,resolvisteis,resolvieron,resolvía,resolvías,resolvía,resolvíamos,resolvíais,resolvían,resolveré,resolverás,resolverá,resolveremos,resolveréis,resolverán,resolvería,resolverías,resolvería,resolveríamos,resolveríais,resolverían,resuelva,resuelvas,resuelva,resolvamos,resolváis,resuelvan,resolviera,resolvieras,resolviera,resolviéramos,resolvierais,resolvieran,resolviere,resolvieres,resolviere,resolviéremos,resolviereis,resolvieren,resuelve,resuelva,resolved,resuelvan,
romper,壊す,rompo,rompes,rompe,rompemos,rompéis,rompen,rompiendo,roto,rompí,rompiste,rompió,rompimos,rompisteis,rompieron,rompía,rompías,rompía,rompíamos,rompíais,rompían,romperé,romperás,romperá,romperemos,romperéis,romperán,rompería,romperías,rompería,romperíamos,romperíais,romperían,rompa,rompas,rompa,rompamos,rompáis,rompan,rompiera,rompieras,rompiera,rompiéramos,rompierais,rompieran,rompiere,rompieres,rompiere,rompiéremos,rompiereis,rompieren,rompe,rompa,romped,rompan,
saber,〜する知識がある、知っている,sé,sabes,sabe,sabemos,sabéis,saben,sabiendo,sabido,supe,supiste,supo,supimos,supisteis,supieron,sabía,sabías,sabía,sabíamos,sabíais,sabían,sabré,sabrás,sabrá,sabremos,sabréis,sabrán,sabría,sabrías,sabría,sabríamos,sabríais,sabrían,sepa,sepas,sepa,sepamos,sepáis,sepan,supiera,supieras,supiera,supiéramos,supierais,supieran,supiere,supieres,supiere,supiéremos,supiereis,supieren,sabe,sepa,sabed,sepan,
salir,出かける、出発する,salgo,sales,sale,salimos,salís,salen,saliendo,salido,salí,saliste,salió,salimos,salisteis,salieron,salía,salías,salía,salíamos,salíais,salían,saldré,saldrás,saldrá,saldremos,saldréis,saldrán,saldría,saldrías,saldría,saldríamos,saldríais,saldrían,salga,salgas,salga,salgamos,salgáis,salgan,saliera,salieras,saliera,saliéramos,salierais,salieran,saliere,salieres,saliere,saliéremos,saliereis,salieren,sal,salga,salid,salgan,
seguir,〜の後を追う、追う、続く,sigo,sigues,sigue,seguimos,seguís,siguen,siguiendo,seguido,seguí,seguiste,siguió,seguimos,seguisteis,siguieron,seguía,seguías,seguía,seguíamos,seguíais,seguían,seguiré,seguirás,seguirá,seguiremos,seguiréis,seguirán,seguiría,seguirías,seguiría,seguiríamos,seguiríais,seguirían,siga,sigas,siga,sigamos,sigáis,sigan,siguiera,siguieras,siguiera,siguiéramos,siguierais,siguieran,siguiere,siguieres,siguiere,siguiéremos,siguiereis,siguieren,sigue,siga,seguid,sigan,
sentir,感じる、残念に思う,siento,sientes,siente,sentimos,sentís,sienten,sintiendo,sentido,sentí,sentiste,sintió,sentimos,sentisteis,sintieron,sentía,sentías,sentía,sentíamos,sentíais,sentían,sentiré,sentirás,sentirá,sentiremos,sentiréis,sentirán,sentiría,sentirías,sentiría,sentiríamos,sentiríais,sentirían,sienta,sientas,sienta,sintamos,sintáis,sientan,sintiera,sintieras,sintiera,sintiéramos,sintierais,sintieran,sintiere,sintieres,sintiere,sintiéremos,sintiereis,sintieren,siente,sienta,sentid,sientan,
ser,永続的性質を述べるとき,soy,eres,es,somos,sois,son,siendo,sido,fui,fuiste,fue,fuimos,fuisteis,fueron,era,eras,era,éramos,erais,eran,seré,serás,será,seremos,seréis,serán,sería,serías,sería,seríamos,seríais,serían,sea,seas,sea,seamos,seáis,sean,fuera,fueras,fuera,fuéramos,fuerais,fueran,fuere,fueres,fuere,fuéremos,fuereis,fueren,sé,sea,sed,sean,
servir,仕える、役立つ、給仕する,sirvo,sirves,sirve,servimos,servís,sirven,sirviendo,servido,serví,serviste,sirvió,servimos,servisteis,sirvieron,servía,servías,servía,servíamos,servíais,servían,serviré,servirás,servirá,serviremos,serviréis,servirán,serviría,servirías,serviría,serviríamos,serviríais,servirían,sirva,sirvas,sirva,sirvamos,sirváis,sirvan,sirviera,sirvieras,sirviera,sirviéramos,sirvierais,sirvieran,sirviere,sirvieres,sirviere,sirviéremos,sirviereis,sirvieren,sirve,sirva,servid,sirvan,
tener,持つ、ある,tengo,tienes,tiene,tenemos,tenéis,tienen,teniendo,tenido,tuve,tuviste,tuvo,tuvimos,tuvisteis,tuvieron,tenía,tenías,tenía,teníamos,teníais,tenían,tendré,tendrás,tendrá,tendremos,tendréis,tendrán,tendría,tendrías,tendría,tendríamos,tendríais,tendrían,tenga,tengas,tenga,tengamos,tengáis,tengan,tuviera,tuvieras,tuviera,tuviéramos,tuvierais,tuvieran,tuviere,tuvieres,tuviere,tuviéremos,tuviereis,tuvieren,ten,tenga,tened,tengan,
terminar,終わらせる,termino,terminas,termina,terminamos,termináis,terminan,terminando,terminado,terminé,terminaste,terminó,terminamos,terminasteis,terminaron,terminaba,terminabas,terminaba,terminábamos,terminabais,terminaban,terminaré,terminarás,terminará,terminaremos,terminaréis,terminarán,terminaría,terminarías,terminaría,terminaríamos,terminaríais,terminarían,termine,termines,termine,terminemos,terminéis,terminen,terminara,terminaras,terminara,termináramos,terminarais,terminaran,terminare,terminares,terminare,termináremos,terminareis,terminaren,termina,termine,terminad,terminen,
tomar,飲む,tomo,tomas,toma,tomamos,tomáis,toman,tomando,tomado,tomé,tomaste,tomó,tomamos,tomasteis,tomaron,tomaba,tomabas,tomaba,tomábamos,tomabais,tomaban,tomaré,tomarás,tomará,tomaremos,tomaréis,tomarán,tomaría,tomarías,tomaría,tomaríamos,tomaríais,tomarían,tome,tomes,tome,tomemos,toméis,tomen,tomara,tomaras,tomara,tomáramos,tomarais,tomaran,tomare,tomares,tomare,tomáremos,tomareis,tomaren,toma,tome,tomad,tomen,
trabajar,働く,trabajo,trabajas,trabaja,trabajamos,trabajáis,trabajan,trabajando,trabajado,trabajé,trabajaste,trabajó,trabajamos,trabajasteis,trabajaron,trabajaba,trabajabas,trabajaba,trabajábamos,trabajabais,trabajaban,trabajaré,trabajarás,trabajará,trabajaremos,trabajaréis,trabajarán,trabajaría,trabajarías,trabajaría,trabajaríamos,trabajaríais,trabajarían,trabaje,trabajes,trabaje,trabajemos,trabajéis,trabajen,trabajara,trabajaras,trabajara,trabajáramos,trabajarais,trabajaran,trabajare,trabajares,trabajare,trabajáremos,trabajareis,trabajaren,trabaja,trabaje,trabajad,trabajen,
traer,連れてくる、持ってくる,traigo,traes,trae,traemos,traéis,traen,trayendo,traído,traje,trajiste,trajo,trajimos,trajisteis,trajeron,traía,traías,traía,traíamos,traíais,traían,traeré,traerás,traerá,traeremos,traeréis,traerán,traería,traerías,traería,traeríamos,traeríais,traerían,traiga,traigas,traiga,traigamos,traigáis,traigan,trajera,trajeras,trajera,trajéramos,trajerais,trajeran,trajere,trajeres,trajere,trajéremos,trajereis,trajeren,trae,traiga,traed,traigan,
vender,売る,vendo,vendes,vende,vendemos,vendéis,venden,vendiendo,vendido,vendí,vendiste,vendió,vendimos,vendisteis,vendieron,vendía,vendías,vendía,vendíamos,vendíais,vendían,venderé,venderás,venderá,venderemos,venderéis,venderán,vendería,venderías,vendería,venderíamos,venderíais,venderían,venda,vendas,venda,vendamos,vendáis,vendan,vendiera,vendieras,vendiera,vendiéramos,vendierais,vendieran,vendiere,vendieres,vendiere,vendiéremos,vendiereis,vendieren,vende,venda,vended,vendan,
venir,来る,vengo,vienes,viene,venimos,venís,vienen,viniendo,venido,vine,viniste,vino,vinimos,vinisteis,vinieron,venía,venías,venía,veníamos,veníais,venían,vendré,vendrás,vendrá,vendremos,vendréis,vendrán,vendría,vendrías,vendría,vendríamos,vendríais,vendrían,venga,vengas,venga,vengamos,vengáis,vengan,viniera,vinieras,viniera,viniéramos,vinierais,vinieran,viniere,vinieres,viniere,viniéremos,viniereis,vinieren,ven,venga,venid,vengan,
ver,見る、見える,veo,ves,ve,vemos,veis,ven,viendo,visto,vi,viste,vio,vimos,visteis,vieron,veía,veías,veía,veíamos,veíais,veían,veré,verás,verá,veremos,veréis,verán,vería,verías,vería,veríamos,veríais,verían,vea,veas,vea,veamos,veáis,vean,viera,vieras,viera,viéramos,vierais,vieran,viere,vieres,viere,viéremos,viereis,vieren,ve,vea,ved,vean,
viajar,旅行する,viajo,viajas,viaja,viajamos,viajáis,viajan,viajando,viajado,viajé,viajaste,viajó,viajamos,viajasteis,viajaron,viajaba,viajabas,viajaba,viajábamos,viajabais,viajaban,viajaré,viajarás,viajará,viajaremos,viajaréis,viajarán,viajaría,viajarías,viajaría,viajaríamos,viajaríais,viajarían,viaje,viajes,viaje,viajemos,viajéis,viajen,viajara,viajaras,viajara,viajáramos,viajarais,viajaran,viajare,viajares,viajare,viajáremos,viajareis,viajaren,viaja,viaje,viajad,viajen,
vivir,住む、生きる,vivo,vives,vive,vivimos,vivís,viven,viviendo,vivido,viví,viviste,vivió,vivimos,vivisteis,vivieron,vivía,vivías,vivía,vivíamos,vivíais,vivían,viviré,vivirás,vivirá,viviremos,viviréis,vivirán,viviría,vivirías,viviría,viviríamos,viviríais,vivirían,viva,vivas,viva,vivamos,viváis,vivan,viviera,vivieras,viviera,viviéramos,vivierais,vivieran,viviere,vivieres,viviere,viviéremos,viviereis,vivieren,vive,viva,vivid,vivan,
volar,飛ぶ,vuelo,vuelas,vuela,volamos,voláis,vuelan,volando,volado,volé,volaste,voló,volamos,volasteis,volaron,volaba,volabas,volaba,volábamos,volabais,volaban,volaré,volarás,volará,volaremos,volaréis,volarán,volaría,volarías,volaría,volaríamos,volaríais,volarían,vuele,vueles,vuele,volemos,voléis,vuelen,volara,volaras,volara,voláramos,volarais,volaran,volare,volares,volare,voláremos,volareis,volaren,vuela,vuele,volad,vuelen,
volver,帰る,vuelvo,vuelves,vuelve,volvemos,volvéis,vuelven,volviendo,vuelto,volví,volviste,volvió,volvimos,volvisteis,volvieron,volvía,volvías,volvía,volvíamos,volvíais,volvían,volveré,volverás,volverá,volveremos,volveréis,volverán,volvería,volverías,volvería,volveríamos,volveríais,volverían,vuelva,vuelvas,vuelva,volvamos,volváis,vuelvan,volviera,volvieras,volviera,volviéramos,volvierais,volvieran,volviere,volvieres,volviere,volviéremos,volviereis,volvieren,vuelve,vuelva,volved,vuelvan,